id;first_name;last_name;login;email;delete_at;created_by;created_date;last_modified_by;last_modified_date
fbef9b47-8fec-4c94-bfe3-66b65588a284;Emmanuelle;Richard;gigantesque émérite sympathique;"RcOcr@SQQBxO.(M{q";2024-03-29T19:33:21;continuer au cas où;2024-03-29T21:54:03;gestionnaire corps enseignant cependant;2024-03-30T04:18:01
98176ba8-36cf-4c87-8011-713e85893ca0;Mireille;Francois;désagréable tchou tchouu;"Ew_[Ur@y4]x.%'^{";2024-03-29T16:13:42;tchou tchouu fade ouf;2024-03-29T22:25:50;troubler à l'entour de;2024-03-30T08:44:31
5c21d5b1-b708-4cc3-ba0a-7d5aa8fea8d6;Rebecca;Gonzalez;plic circulaire soit;"~m@_kCo.k82";2024-03-29T15:39:35;quelque probablement pacifique;2024-03-30T15:03:34;quasiment;2024-03-29T22:57:42
1a993887-8a5d-4f0e-b6bf-a7e8641b7b77;Acacie;Fleury;concernant au défaut de bien que;"'W6CY[@OB.`^zpq3";2024-03-30T15:04:53;à peu près en plus de;2024-03-30T03:29:43;nier;2024-03-30T04:58:01
4b5d1a8f-10dd-447b-a3aa-66da99bdb26b;Vinciane;Riviere;ralentir;"rH@$8DM.|(1-H";2024-03-29T20:41:34;à demi miaou;2024-03-29T23:37:05;à l'insu de;2024-03-30T02:39:32
b12887d8-3449-4c68-ae4c-1f6670131ab9;Stéphane;Marchand;adopter;"PKAY~b@bT.6^";2024-03-30T11:22:45;aussitôt de peur de au point que;2024-03-29T21:02:37;cot cot fort ouin;2024-03-30T01:38:39
7f22b1bc-3d50-4452-ae0e-5d838ce06106;Annonciade;Aubry;maigre;":`j@u.O;_wY";2024-03-30T01:16:48;corps enseignant;2024-03-29T22:24:23;jusque;2024-03-30T05:43:13
4a0fc298-fa49-4346-9c05-af473848421f;Corinne;Paris;membre à vie;"d'@vTze.mr";2024-03-29T18:55:06;derechef électorat;2024-03-30T15:00:20;d'après;2024-03-30T12:18:57
109764b7-7a68-45aa-95ba-3a5fc46912f7;Blanche;Roux;infiniment quand;"`rK@6O1.4";2024-03-30T15:01:01;parmi groin groin de crainte que;2024-03-30T10:44:14;dans la mesure où dynamique;2024-03-30T11:38:35
1a3271cc-afc5-42a4-8579-3cf4a5f52c19;Ancelin;Marchand;à la faveur de;"KO:]r@/2Y^.4gJm=!";2024-03-29T20:25:11;aussitôt que bof conseil municipal;2024-03-30T04:34:06;en bas de broum coac coac;2024-03-29T16:47:01
