id;libelle;telephone;email;adresse;delete_at;created_by;created_date;last_modified_by;last_modified_date
c5342440-ae0a-4c3f-aade-fb9e9f40967a;voler enfin si;0387567122;"+]~k@tSdPp.TZtC'c";vide même si direction;2024-03-30T08:30:38;de façon que même si;2024-03-29T17:18:26;tantôt membre de l’équipe;2024-03-30T15:49:37
f215d7ad-b1e4-44ef-9d3e-5aacce475a09;pendant que partenaire tout;+33 455360235;"$@0Z9VW.6=>B";envers;2024-03-30T05:54:08;sitôt que super près;2024-03-30T07:57:18;reconnaître partout sage;2024-03-29T16:21:59
71f47175-2eed-4bd0-ac30-97ab3235266c;pas mal bon;0165662380;"!Kqr&*@GfOB)#.M):";enlever au moyen de;2024-03-29T23:04:46;si bien que déjeuner équipe de recherche;2024-03-30T10:20:19;durant;2024-03-29T17:14:40
6dbf2976-6642-40d7-8a92-941032b49a2d;vroum clientèle alors que;+33 700470641;"(/?/K@nZL(.FzNeLk";grouper porte-parole;2024-03-30T14:35:48;dans la mesure où;2024-03-30T14:36:36;frotter énergique remettre;2024-03-30T13:57:20
facf5540-3d9f-481e-88d1-bc82b47c6688;ouf servir aux alentours de;+33 572726634;"?Ge-@M#.+J6kB";amorphe magenta cuicui;2024-03-30T00:25:33;exploser plouf porte-parole;2024-03-30T00:28:17;verser;2024-03-30T14:34:56
020009ec-967d-4cbf-a4e9-884410375528;aimable;+33 112938911;"DFyxm@3HXE.Oo6";autoriser;2024-03-30T01:20:53;camarade sourire;2024-03-30T00:44:49;d'avec du fait que chef;2024-03-30T01:46:28
ed7f737e-3d85-4062-af81-b1e84dd298b9;conseil d’administration ouille;+33 362665172;"68J@Ko9YgL.h]CZW";partenaire jusque au-dehors;2024-03-30T05:04:01;pourvu que informer ha;2024-03-29T19:19:16;fade tant que hôte;2024-03-29T16:26:34
af860256-598a-4a25-b219-1052aa099e95;extra à l'instar de entre;0542724399;"`p6E&>@7yl~Q.3(";toc-toc;2024-03-30T03:50:12;qualifier;2024-03-29T19:44:36;solitaire;2024-03-29T21:18:57
c9af1151-dd70-417c-a779-8cb50725b60c;casser;+33 781751946;"}]g[+O@.j8{_G.0|";suivant placide;2024-03-29T23:25:14;chez;2024-03-30T05:44:20;appeler;2024-03-30T05:56:54
0a685e5e-e2f0-4e6c-ad9b-b7e3456cc1fd;du fait que si bien que sincère;0261069194;"SBO@6yLH{F.+W";prout au-dessous de ha;2024-03-30T04:46:37;quelquefois tant que;2024-03-30T15:22:17;glouglou lors de;2024-03-30T12:12:55
